Density,Suppressed, Gen Suppressed, Chased, Gen Chased, Avg GC during Chase, Var in GC during Chase, Avg Popsize during Chase, Var in Popsize during Chase, Duration of Chase, Drive Lost, Gen Drive Lost, Equilibrium State, Gen Equilibrium State, Simulation Stopped after 1000, Rate One Drive at End
10000,0,10000,1,31,0.034741157,0.000318853,1741.756477,747293.8423,969,0,10000,0,10000,1,0.613569
10000,0,10000,1,23,0.03467298,0.000259129,1912.303186,1107945.72,977,0,10000,0,10000,1,0.75481
10000,0,10000,1,25,0.035453849,0.000399331,1879.224511,1181347.253,975,0,10000,0,10000,1,0.624899
10000,0,10000,1,25,0.034385741,0.000275962,1762.159629,731920.3731,975,0,10000,0,10000,1,0.629299
10000,0,10000,1,26,0.033475407,0.000289151,1770.194845,784341.0229,974,0,10000,0,10000,1,0.779917
10000,0,10000,1,26,0.035344236,0.000246241,1776.491753,717725.7819,974,0,10000,0,10000,1,0.648977
10000,0,10000,1,25,0.037322554,0.000323137,1782.680742,948088.5078,975,0,10000,0,10000,1,0.630695
10000,0,10000,1,23,0.035799008,0.000338307,1731.485098,724291.0124,977,0,10000,0,10000,1,0.685957
10000,0,10000,1,27,0.040337419,0.000937274,1841.822497,1315177.756,973,0,10000,0,10000,1,0.604191
10000,0,10000,1,30,0.036133425,0.000528883,1782.827122,811307.9525,970,0,10000,0,10000,1,0.580377
10000,0,10000,1,24,0.033764891,0.000206797,1790.806584,670211.0552,976,0,10000,0,10000,1,0.625487
10000,0,10000,1,21,0.037689514,0.001238117,1819.46359,857675.74,979,0,10000,0,10000,1,0.661797
10000,0,10000,1,23,0.033833292,0.000291462,1805.967112,828030.595,977,0,10000,0,10000,1,0.509772
10000,0,10000,1,25,0.038296485,0.000524212,1847.894954,1227607.173,975,0,10000,0,10000,1,0.717511
10000,0,10000,1,25,0.038041095,0.000496083,1693.684861,666313.359,975,0,10000,0,10000,1,0.79668
10000,0,10000,1,29,0.033242114,0.000212433,1908.708376,774068.3576,971,0,10000,0,10000,1,0.546574
10000,0,10000,1,26,0.035149842,0.000214936,1623.225773,490319.416,974,0,10000,0,10000,1,0.695536
10000,0,10000,1,23,0.032522484,0.000205717,1842.500514,662683.0989,977,0,10000,0,10000,1,0.62258
10000,0,10000,1,28,0.032701312,0.000204687,1903.339876,1011821.871,972,0,10000,0,10000,1,0.77863
10000,0,10000,1,27,0.03731349,0.000604098,1740.990712,868892.7915,973,0,10000,0,10000,1,0.63294
20000,0,10000,1,22,0.055470204,0.001190183,1979.334702,2536978.313,978,0,10000,0,10000,1,0.843009
20000,0,10000,1,29,0.051993843,0.000810291,2196.958991,2799487.143,321,1,350,0,10000,0,10000
20000,0,10000,1,25,0.053115309,0.000977919,1972.051493,1807368.535,975,0,10000,0,10000,1,0.762998
20000,0,10000,1,25,0.050132807,0.000538923,2053.53656,2285646.683,975,0,10000,0,10000,1,0.877551
20000,0,10000,1,26,0.048534333,0.000929998,2067.959794,3788078.179,974,0,10000,0,10000,1,0.743892
20000,0,10000,1,22,0.046881652,0.000496327,1901.073922,1619062.771,978,0,10000,0,10000,1,0.786424
20000,0,10000,1,28,0.054728502,0.001289096,1884.400826,1916155.098,972,0,10000,0,10000,1,0.818885
20000,1,752,1,23,0.050190548,0.000690076,1895.827109,1430682.375,727,0,10000,0,10000,0,10000
20000,1,566,1,24,0.057112335,0.00122713,1633.048689,1032167.548,538,0,10000,0,10000,0,10000
20000,0,10000,1,26,0.055357675,0.002248737,1837.248454,2030148.053,974,0,10000,0,10000,1,0.768364
20000,0,10000,1,27,0.053186966,0.000974227,2076.467492,2728147.099,973,0,10000,0,10000,1,0.777135
20000,0,10000,1,23,0.054003282,0.001571403,2349.221729,3575025.317,455,1,478,0,10000,0,10000
20000,1,37,0,10000,10000,10000,1000000,1000000,10000,0,10000,0,10000,0,10000
20000,0,10000,1,21,0.079402848,0.007603973,1467.070313,1220932.565,132,1,153,0,10000,0,10000
20000,0,10000,1,21,0.054390748,0.00089966,1783.66359,1504947.971,979,0,10000,0,10000,1,0.644357
20000,0,10000,1,23,0.050249351,0.001409404,1987.358824,1742489.642,174,1,197,0,10000,0,10000
20000,0,10000,1,22,0.052639808,0.000856543,2092.51848,4428254.841,978,0,10000,0,10000,1,0.744427
20000,0,10000,1,24,0.051809052,0.001047466,2135.190329,2370008.644,976,0,10000,0,10000,1,0.517751
20000,0,10000,1,30,0.058113282,0.002655562,1885.808081,2117107.527,895,1,925,0,10000,0,10000
20000,1,264,1,23,0.063068784,0.00275005,2336.419492,6321169.43,240,0,10000,0,10000,0,10000
30000,0,10000,1,24,0.060118549,0.001215052,2545.207819,12146964.82,976,0,10000,0,10000,1,0.730941
30000,0,10000,1,27,0.060990076,0.0014917,3273.553763,13211169.72,190,1,217,0,10000,0,10000
30000,1,171,1,23,0.070741153,0.001452321,1809.741259,1310851.814,147,0,10000,0,10000,0,10000
30000,1,934,1,22,0.06904266,0.004211129,2874.648291,10339153.54,911,0,10000,0,10000,0,10000
30000,1,499,1,26,0.059627684,0.001185004,2686.845824,7499992.126,471,0,10000,0,10000,0,10000
30000,1,217,1,21,0.064967805,0.001797891,2118.586387,3206044.127,195,0,10000,0,10000,0,10000
30000,0,10000,1,22,0.062679078,0.001939205,2254.078029,4474606.22,978,0,10000,0,10000,1,0.791943
30000,0,10000,1,24,0.063105045,0.001419677,2182.468107,3500658.547,976,0,10000,0,10000,1,0.774148
30000,1,993,1,24,0.066665235,0.002503113,1976.734164,2133941.2,967,0,10000,0,10000,0,10000
30000,0,10000,1,24,0.066032134,0.001600506,2029.914609,3419484.566,976,0,10000,0,10000,1,0.780437
30000,0,10000,1,21,0.066717535,0.002113219,2552.310769,12231512.53,979,0,10000,0,10000,1,0.27288
30000,1,50,1,21,0.115207383,0.007208497,625.6086957,152240.7599,27,0,10000,0,10000,0,10000
30000,1,828,1,21,0.068126105,0.002074587,1954.406484,3539265.044,806,0,10000,0,10000,0,10000
30000,1,421,1,23,0.065970636,0.00187467,1587.195929,1879373.74,397,0,10000,0,10000,0,10000
30000,0,10000,1,24,0.057505157,0.001073154,2293.658537,3765205.761,332,1,356,0,10000,0,10000
30000,0,10000,1,23,0.069899845,0.002688193,2139.217883,3519738.022,977,0,10000,0,10000,1,0.703082
30000,1,961,1,23,0.06850168,0.003111071,2478.754555,13610440.61,937,0,10000,0,10000,0,10000
30000,0,10000,1,23,0.066327233,0.001410418,1897.364851,2798876.567,977,0,10000,0,10000,1,0.692045
30000,1,661,1,30,0.063387773,0.002235025,2853.384,13406457.26,629,0,10000,0,10000,0,10000
30000,1,93,1,26,0.088245782,0.007788511,2057.5,2504584.121,66,0,10000,0,10000,0,10000
40000,1,42,1,21,0.1566571,0.052883566,1780.375,2808677.734,20,0,10000,0,10000,0,10000
40000,0,10000,1,22,0.070111406,0.001819316,3093.647844,15661922.97,978,0,10000,0,10000,1,0.875387
40000,0,10000,1,26,0.084047615,0.003541409,2229.566327,5555683.45,200,1,226,0,10000,0,10000
40000,1,68,1,22,0.06458192,0.001217508,1498.121951,753906.3998,45,0,10000,0,10000,0,10000
40000,1,604,1,24,0.07628461,0.004028615,2297.839721,6468296.473,578,0,10000,0,10000,0,10000
40000,1,53,1,28,0.205290705,0.011683662,172.85,9881.2275,24,0,10000,0,10000,0,10000
40000,1,354,1,25,0.075982808,0.004170428,2358.858025,7802933.393,328,0,10000,0,10000,0,10000
40000,1,499,1,23,0.079883435,0.004219244,2385.800425,5950601.391,475,0,10000,0,10000,0,10000
40000,1,888,1,23,0.073906301,0.002611456,2349.418605,5342162.86,864,0,10000,0,10000,0,10000
40000,1,202,1,28,0.07740619,0.001962301,1800.916667,4154423.291,172,0,10000,0,10000,0,10000
40000,0,10000,1,22,0.083722211,0.005211556,2040.452772,5938473.605,978,0,10000,0,10000,1,0.821581
40000,1,315,1,24,0.084506894,0.005135584,2201.874126,5223488.718,290,0,10000,0,10000,0,10000
40000,1,88,1,24,0.114114602,0.015769012,1536.372881,1461827.047,63,0,10000,0,10000,0,10000
40000,1,428,1,23,0.096608704,0.005839942,1716.010025,4092345.469,403,0,10000,0,10000,0,10000
40000,1,32,0,10000,10000,10000,1000000,1000000,10000,0,10000,0,10000,0,10000
40000,1,319,1,22,0.0777902,0.003695008,1617.280822,1658051.805,296,0,10000,0,10000,0,10000
40000,1,369,1,24,0.060681989,0.00074486,2480.567647,6005071.504,344,0,10000,0,10000,0,10000
40000,0,10000,1,26,0.069767141,0.002168782,3453.10219,25445306.33,552,1,578,0,10000,0,10000
40000,0,10000,1,25,0.074119304,0.002384236,2217.881565,4379540.778,975,0,10000,0,10000,1,0.71791
40000,1,423,1,21,0.081129349,0.004724882,2603.214106,7547377.765,401,0,10000,0,10000,0,10000
50000,1,633,1,25,0.107140297,0.006655805,2211.92869,7983640.063,607,0,10000,0,10000,0,10000
50000,1,972,1,27,0.080006286,0.002172492,2613.665602,12675818.63,943,0,10000,0,10000,0,10000
50000,1,334,1,23,0.077822449,0.001317027,2698.990196,5793318.768,310,0,10000,0,10000,0,10000
50000,1,204,1,23,0.109806607,0.016334883,1966.517045,2225616.636,180,0,10000,0,10000,0,10000
50000,1,82,1,23,0.059404507,0.001756546,1506.018519,786764.9441,58,0,10000,0,10000,0,10000
50000,1,116,1,22,0.055887246,0.000636874,2648.595506,3299919.634,93,0,10000,0,10000,0,10000
50000,1,55,1,22,0.114681389,0.013173991,1227.107143,853684.9528,32,0,10000,0,10000,0,10000
50000,1,269,1,27,0.0981471,0.00622988,2633.377119,8713038.006,240,0,10000,0,10000,0,10000
50000,0,10000,1,28,0.109405303,0.00799483,1597.312039,3105200.701,411,1,439,0,10000,0,10000
50000,1,343,1,23,0.086326918,0.003017269,1770.092063,3791750.674,319,0,10000,0,10000,0,10000
50000,1,824,1,26,0.076861783,0.001953226,1886.049242,3239399.33,796,0,10000,0,10000,0,10000
50000,1,426,1,22,0.075597747,0.002706671,2729.556391,16947648.15,403,0,10000,0,10000,0,10000
50000,0,10000,1,23,0.075703713,0.001998451,2329.327411,5331502.345,792,1,815,0,10000,0,10000
50000,1,88,1,23,0.102370495,0.007171298,1214.6,767131.3733,64,0,10000,0,10000,0,10000
50000,1,313,1,21,0.082733342,0.002353816,2616.536585,13456922.42,291,0,10000,0,10000,0,10000
50000,1,337,1,24,0.077248189,0.002467495,1881.511401,4363602.817,311,0,10000,0,10000,0,10000
50000,1,196,1,25,0.083545628,0.00223003,2686.036145,16714448.5,170,0,10000,0,10000,0,10000
50000,1,897,1,23,0.075999208,0.002480028,2470.540852,12052910.29,873,0,10000,0,10000,0,10000
50000,1,88,1,25,0.093694456,0.002486943,1565.578947,1625179.226,61,0,10000,0,10000,0,10000
50000,1,352,1,22,0.085709649,0.005416679,4345.535385,40123307.76,329,0,10000,0,10000,0,10000
60000,1,389,1,26,0.098694868,0.015737388,1994.444134,4298338.275,362,0,10000,0,10000,0,10000
60000,1,121,1,26,0.076714818,0.002225348,5012.544444,44652741.8,94,0,10000,0,10000,0,10000
60000,1,701,1,23,0.091690127,0.004066872,2262.523031,9820962.695,677,0,10000,0,10000,0,10000
60000,1,37,1,22,0.1309543,0.001289901,265.5,8040.5,12,0,10000,0,10000,0,10000
60000,1,67,1,22,0.122665013,0.008142424,3106.102564,13197286.66,43,0,10000,0,10000,0,10000
60000,1,122,1,23,0.113534003,0.002600822,2353.468085,9136767.909,98,0,10000,0,10000,0,10000
60000,1,229,1,25,0.10309964,0.005430856,2343.140704,10856610.77,203,0,10000,0,10000,0,10000
60000,0,10000,1,22,0.101381714,0.007864551,1535.571429,659864.2449,32,1,54,0,10000,0,10000
60000,1,422,1,21,0.141391661,0.02123647,2108.270886,10775473.04,399,0,10000,0,10000,0,10000
60000,1,196,1,23,0.09396914,0.005076525,2131.452381,6635777.057,172,0,10000,0,10000,0,10000
60000,0,10000,1,23,0.113813098,0.015669218,1487.984848,1313827.591,70,1,93,0,10000,0,10000
60000,1,326,1,24,0.076803599,0.00182298,2246.912458,3678022.329,301,0,10000,0,10000,0,10000
60000,1,132,1,22,0.109168935,0.007494094,2012.634615,2769942.713,108,0,10000,0,10000,0,10000
60000,0,10000,1,22,0.091942067,0.004159136,2179.513347,8142419.414,978,0,10000,0,10000,1,0.642253
60000,1,162,1,22,0.097106704,0.00386982,2494.266667,9743017.914,139,0,10000,0,10000,0,10000
60000,1,158,1,21,0.083513292,0.005139301,1603.712121,913345.4171,136,0,10000,0,10000,0,10000
60000,1,305,1,23,0.095894596,0.003897649,2332.703971,9746286.208,281,0,10000,0,10000,0,10000
60000,1,247,1,27,0.10901264,0.008616086,2410.548837,3854234.024,219,0,10000,0,10000,0,10000
60000,1,60,1,22,0.071463382,0.001449383,1917.181818,3786891.3,37,0,10000,0,10000,0,10000
60000,1,140,1,21,0.104533529,0.006983403,2819.442478,11931111.56,117,0,10000,0,10000,0,10000
70000,1,549,1,24,0.109598727,0.011598636,2105.919231,11910562.56,524,0,10000,0,10000,0,10000
70000,1,132,1,21,0.107172271,0.01042723,1714.858491,2198273.838,110,0,10000,0,10000,0,10000
70000,1,749,1,21,0.087839976,0.004431834,3336.266943,34044270.74,727,0,10000,0,10000,0,10000
70000,1,190,1,21,0.116897798,0.007167676,1590.993902,4646173.043,168,0,10000,0,10000,0,10000
70000,1,601,1,22,0.108260227,0.006550999,3368.444251,39995611.01,578,0,10000,0,10000,0,10000
70000,1,76,1,22,0.129148285,0.00557993,843.2083333,424161.2483,52,0,10000,0,10000,0,10000
70000,1,627,1,22,0.105200289,0.006183129,1599.533445,2169523.747,602,0,10000,0,10000,0,10000
70000,1,32,0,10000,10000,10000,1000000,1000000,10000,0,10000,0,10000,0,10000
70000,1,175,1,26,0.124303454,0.00574713,1046.138889,581926.7724,148,0,10000,0,10000,0,10000
70000,1,43,1,21,0.132119763,0.00259373,401.875,116323.8594,20,0,10000,0,10000,0,10000
70000,1,321,1,22,0.101838396,0.005030342,2978.731293,13094983.69,298,0,10000,0,10000,0,10000
70000,1,497,1,22,0.086641055,0.003587383,3646.153191,24480190.24,474,0,10000,0,10000,0,10000
70000,0,10000,1,23,0.161695482,0.004987985,2808.090909,14281610.63,15,1,38,0,10000,0,10000
70000,1,254,1,24,0.078999772,0.002814416,3446.595556,16246303.11,229,0,10000,0,10000,0,10000
70000,1,75,1,20,0.09604399,0.006287789,4392.734694,17012107.42,53,0,10000,0,10000,0,10000
70000,1,140,1,24,0.138228777,0.005969602,1266.531532,2896369.132,115,0,10000,0,10000,0,10000
70000,1,649,1,24,0.097305736,0.006731032,3005.772213,43474262.45,623,0,10000,0,10000,0,10000
70000,1,82,1,21,0.073299218,0.003009359,9453.410714,67121758.21,60,0,10000,0,10000,0,10000
70000,1,93,1,22,0.142562858,0.029612937,1250.5,1206593.977,70,0,10000,0,10000,0,10000
70000,1,38,1,22,0.130754518,0.004357334,323.2727273,39500.01653,15,0,10000,0,10000,0,10000
80000,1,122,1,21,0.079150186,0.001468625,2326.59375,10922378.14,100,0,10000,0,10000,0,10000
80000,0,10000,1,23,0.095563833,0.003780099,3083.864337,26785079.39,977,0,10000,0,10000,1,0.800613
80000,0,10000,1,26,0.153624777,0.02761987,2027.438596,3639340.597,61,1,87,0,10000,0,10000
80000,1,90,1,24,0.13751403,0.010677438,987.0833333,759493.5431,64,0,10000,0,10000,0,10000
80000,1,672,1,26,0.089459616,0.00279154,2426.24649,8386133.091,645,0,10000,0,10000,0,10000
80000,1,154,1,24,0.158063359,0.016711735,1936.552,6073351.319,129,0,10000,0,10000,0,10000
80000,1,561,1,24,0.095785179,0.003864565,1994.469925,4054017.163,536,0,10000,0,10000,0,10000
80000,1,297,1,23,0.123550769,0.021236315,5433.438662,74963877.29,273,0,10000,0,10000,0,10000
80000,1,70,1,25,0.163895793,0.007718872,412.425,96940.39438,44,0,10000,0,10000,0,10000
80000,1,158,1,22,0.098329578,0.002021515,3047.107692,11647202.2,134,0,10000,0,10000,0,10000
80000,1,87,1,23,0.085759109,0.002247636,4361.465517,29526213.01,62,0,10000,0,10000,0,10000
80000,1,157,1,23,0.094476162,0.00395181,4811.354331,63363854.59,131,0,10000,0,10000,0,10000
80000,1,67,1,24,0.209659037,0.010452955,446.5526316,412174.563,42,0,10000,0,10000,0,10000
80000,0,10000,1,22,0.075593726,0.001350893,2523.185535,4255711.742,322,1,344,0,10000,0,10000
80000,1,48,1,22,0.127042171,0.007927249,872.2380952,745231.1338,25,0,10000,0,10000,0,10000
80000,1,427,1,22,0.104808197,0.004808443,1311.388471,1637180.192,403,0,10000,0,10000,0,10000
80000,1,129,1,23,0.169744526,0.009544541,731.25,825798.8675,104,0,10000,0,10000,0,10000
80000,1,44,1,22,0.066950541,0.002092214,1996.352941,2461511.522,21,0,10000,0,10000,0,10000
80000,1,573,1,24,0.095986961,0.00342095,3760.603321,50645005.31,546,0,10000,0,10000,0,10000
80000,1,33,0,10000,10000,10000,1000000,1000000,10000,0,10000,0,10000,0,10000
90000,0,10000,0,10000,10000,10000,1000000,1000000,10000,1,34,0,10000,0,10000
90000,0,10000,1,27,0.110286625,0.017136889,1695.807018,2057265.314,61,1,88,0,10000,0,10000
90000,1,113,1,23,0.120999713,0.010283024,2694.488095,8125825.202,88,0,10000,0,10000,0,10000
90000,1,129,1,22,0.102435436,0.004596415,1387.754902,705541.1654,106,0,10000,0,10000,0,10000
90000,1,296,1,23,0.075961233,0.001880166,9290.085821,195610865.1,272,0,10000,0,10000,0,10000
90000,1,100,1,23,0.157589047,0.021504578,1274.375,3180856.818,76,0,10000,0,10000,0,10000
90000,1,45,1,28,0.432973583,0.029915995,150.9166667,24043.57639,16,0,10000,0,10000,0,10000
90000,1,307,1,27,0.101165771,0.007649357,4668.458182,56213879.55,279,0,10000,0,10000,0,10000
90000,0,10000,1,28,0.082090673,0.001688274,1816.881148,2870643.679,248,1,276,0,10000,0,10000
90000,1,497,1,22,0.114843989,0.007635597,3155.338298,43646289.73,474,0,10000,0,10000,0,10000
90000,1,41,1,24,0.108018218,0.001231787,983.5454545,619382.7934,15,0,10000,0,10000,0,10000
90000,0,10000,1,28,0.169869066,0.015699321,1987.110132,12466660.05,231,1,259,0,10000,0,10000
90000,1,264,1,25,0.084138685,0.002979059,5445.299145,68313112.97,238,0,10000,0,10000,0,10000
90000,1,215,1,22,0.085842829,0.00368649,4898.617021,73725088.07,192,0,10000,0,10000,0,10000
90000,1,101,1,24,0.098778696,0.004994178,6741.930556,65465467.7,76,0,10000,0,10000,0,10000
90000,1,327,1,23,0.113470586,0.009672209,5353.338926,100674339.2,302,0,10000,0,10000,0,10000
90000,1,331,1,25,0.098599394,0.011599867,4406.039867,63009642.67,305,0,10000,0,10000,0,10000
90000,1,59,1,21,0.114569269,0.005581768,1459.8125,1507542.527,36,0,10000,0,10000,0,10000
90000,1,87,1,22,0.188630836,0.012172586,1004.067797,592544.5717,63,0,10000,0,10000,0,10000
90000,1,91,1,22,0.076858122,0.002053611,10200.46875,125383983.5,68,0,10000,0,10000,0,10000
100000,1,70,1,24,0.1417797,0.002354706,446.6341463,126014.232,45,0,10000,0,10000,0,10000
100000,1,145,1,22,0.144204769,0.013273168,1049,1317059.237,122,0,10000,0,10000,0,10000
100000,1,678,1,22,0.113239052,0.004661941,2096.233487,13804875.6,655,0,10000,0,10000,0,10000
100000,1,453,1,23,0.107404343,0.004003546,1802.535377,3201869.961,428,0,10000,0,10000,0,10000
100000,1,455,1,22,0.116897,0.004389135,1371.845794,2133266.649,432,0,10000,0,10000,0,10000
100000,0,10000,1,27,0.118797552,0.009532693,1008.108696,718704.2273,50,1,77,0,10000,0,10000
100000,1,73,1,22,0.107552491,0.004279808,5063.5,28889979.82,50,0,10000,0,10000,0,10000
100000,1,191,1,23,0.108099675,0.00821655,3066.030675,32121796.69,167,0,10000,0,10000,0,10000
100000,0,10000,0,10000,10000,10000,1000000,1000000,10000,1,32,0,10000,0,10000
100000,1,210,1,25,0.127905872,0.007451477,2613.055556,23222649.02,184,0,10000,0,10000,0,10000
100000,0,10000,1,24,0.11064346,0.002468995,1569.744186,2196756.283,47,1,71,0,10000,0,10000
100000,0,10000,1,22,0.096579164,0.002191243,2372.878893,5213808.418,293,1,315,0,10000,0,10000
100000,1,329,1,23,0.093054977,0.004044262,6485.551495,212724811.3,305,0,10000,0,10000,0,10000
100000,1,94,1,27,0.168890808,0.045126307,4148.885246,31808670.59,65,0,10000,0,10000,0,10000
100000,1,49,1,22,0.23715579,0.033615432,1301.809524,1460596.059,25,0,10000,0,10000,0,10000
100000,1,191,1,27,0.103026964,0.005520012,4797.626582,49565402.93,162,0,10000,0,10000,0,10000
100000,0,10000,1,22,0.123339048,0.00641419,1975.738636,4263967.678,268,1,290,0,10000,0,10000
100000,1,205,1,27,0.130684643,0.007627763,1602.965318,4474295.548,177,0,10000,0,10000,0,10000
100000,1,252,1,21,0.117423713,0.009013235,2375.24,12655049.76,229,0,10000,0,10000,0,10000
100000,1,114,1,26,0.097044898,0.003368686,1297.759036,958344.5684,87,0,10000,0,10000,0,10000
110000,0,10000,1,22,0.106898066,0.006719464,2590.544747,18332475.84,261,1,283,0,10000,0,10000
110000,1,125,1,24,0.168057846,0.016103458,1905.958333,3866815.498,100,0,10000,0,10000,0,10000
110000,1,93,1,22,0.114263439,0.003817229,3775.681818,8836157.762,70,0,10000,0,10000,0,10000
110000,1,321,1,32,0.139633331,0.017667163,2700.978873,21292197.15,288,0,10000,0,10000,0,10000
110000,1,63,1,21,0.164461,0.014224568,1001.111111,823911.2099,40,0,10000,0,10000,0,10000
110000,1,103,1,22,0.104660995,0.007131984,3481.039474,28606064.12,80,0,10000,0,10000,0,10000
110000,1,255,1,23,0.104845894,0.004040469,2110.612335,4195718.863,231,0,10000,0,10000,0,10000
110000,0,10000,1,21,0.090673931,0.004852198,3600.029316,32724165.18,311,1,332,0,10000,0,10000
110000,1,612,1,26,0.105167727,0.005044538,4305.511188,133125831.8,585,0,10000,0,10000,0,10000
110000,1,254,1,22,0.112575086,0.008190955,5971.212389,120515533.1,230,0,10000,0,10000,0,10000
110000,1,376,1,26,0.126417663,0.013395566,2483.252907,13717963.03,348,0,10000,0,10000,0,10000
110000,1,526,1,23,0.11798413,0.005870359,2059.24498,9681550.253,502,0,10000,0,10000,0,10000
110000,1,206,1,26,0.089318425,0.005106119,13237.17143,629845660,179,0,10000,0,10000,0,10000
110000,1,163,1,25,0.110122868,0.005144283,3044.681818,20422361.07,136,0,10000,0,10000,0,10000
110000,1,144,1,23,0.085630574,0.002974985,1930.155172,3105527.39,120,0,10000,0,10000,0,10000
110000,1,104,1,22,0.09578246,0.002644064,6640.974026,94090091.84,81,0,10000,0,10000,0,10000
110000,1,99,1,22,0.124814779,0.002950451,1023.126761,843585.8853,75,0,10000,0,10000,0,10000
110000,1,49,1,23,0.197855125,0.014792826,1309.45,1160556.748,24,0,10000,0,10000,0,10000
110000,1,611,1,25,0.097871903,0.002916594,3862.2,98777174.65,584,0,10000,0,10000,0,10000
110000,1,137,1,23,0.108763655,0.001634589,1806.788991,4185971.671,113,0,10000,0,10000,0,10000
120000,0,10000,1,23,0.123446824,0.009991006,2479.809843,23616783.16,451,1,474,0,10000,0,10000
120000,1,83,1,21,0.112580819,0.006496441,1685.298246,1758041.332,61,0,10000,0,10000,0,10000
120000,1,88,1,23,0.089250564,0.001319548,3222.101695,9306656.668,63,0,10000,0,10000,0,10000
120000,1,96,1,26,0.122163232,0.003231393,1882.984615,4382290.692,69,0,10000,0,10000,0,10000
120000,1,503,1,25,0.103355476,0.003750503,3224.830867,42526264.63,477,0,10000,0,10000,0,10000
120000,1,959,1,22,0.111055639,0.005890484,3282.512876,39756066.14,936,0,10000,0,10000,0,10000
120000,1,75,1,24,0.09491443,0.003658663,1782.608696,2128149.586,50,0,10000,0,10000,0,10000
120000,1,219,1,22,0.110794341,0.004137316,1410.203125,2092208.151,196,0,10000,0,10000,0,10000
120000,1,108,1,22,0.13091165,0.011558075,3083.075,19728416.47,84,0,10000,0,10000,0,10000
120000,1,240,1,22,0.109771248,0.005609134,1704.413146,4166186.092,217,0,10000,0,10000,0,10000
120000,1,293,1,23,0.133325514,0.006023096,1128.882576,1219979.111,268,0,10000,0,10000,0,10000
120000,1,56,1,26,0.173003968,0.008084474,601.68,368859.5776,29,0,10000,0,10000,0,10000
120000,1,58,1,21,0.117742845,0.004060708,450.483871,48031.86264,35,0,10000,0,10000,0,10000
120000,1,111,1,26,0.141709975,0.010045794,1143.55,2153950.873,84,0,10000,0,10000,0,10000
120000,1,146,1,22,0.117748796,0.003883888,1009.008403,1107543.756,123,0,10000,0,10000,0,10000
120000,1,251,1,25,0.138944363,0.011133442,2319.923077,8226222.596,225,0,10000,0,10000,0,10000
120000,1,220,1,22,0.11434491,0.00466033,1986.963542,5518021.077,196,0,10000,0,10000,0,10000
120000,1,120,1,26,0.16533546,0.01211205,963.4606742,889765.6867,93,0,10000,0,10000,0,10000
120000,1,194,1,23,0.105255852,0.006648115,3831.644578,47880232.63,170,0,10000,0,10000,0,10000
120000,1,40,1,24,0.132342964,0.000759645,556.8181818,45300.5124,15,0,10000,0,10000,0,10000
130000,1,335,1,22,0.137956111,0.011512465,2255.823529,12795647.13,310,0,10000,0,10000,0,10000
130000,1,260,1,23,0.107015229,0.003018243,2396.198276,20667961.93,236,0,10000,0,10000,0,10000
130000,1,303,1,23,0.102248949,0.00453526,5714.44,69929728.73,279,0,10000,0,10000,0,10000
130000,1,466,1,21,0.117240608,0.006979995,2853.18451,26945368.35,443,0,10000,0,10000,0,10000
130000,1,129,1,23,0.118258148,0.006655059,3213.663366,18044672.2,105,0,10000,0,10000,0,10000
130000,1,105,1,22,0.091349854,0.004522761,9026.435897,149698148,82,0,10000,0,10000,0,10000
130000,1,209,1,24,0.109114815,0.003674922,1754.703911,7299948.264,183,0,10000,0,10000,0,10000
130000,1,140,1,25,0.083834542,0.002388145,2503.587156,3335967.233,113,0,10000,0,10000,0,10000
130000,1,72,1,23,0.21399675,0.017692508,674.3863636,640786.1007,48,0,10000,0,10000,0,10000
130000,1,37,1,23,0.412413513,0.040396235,55.5,1555.25,12,0,10000,0,10000,0,10000
130000,1,64,1,26,0.145190876,0.006166879,1738.121212,3201511.197,37,0,10000,0,10000,0,10000
130000,1,116,1,29,0.139122636,0.005254006,1078.345679,439457.9546,85,0,10000,0,10000,0,10000
130000,1,196,1,25,0.09980223,0.002639274,3178.50303,23382441.87,169,0,10000,0,10000,0,10000
130000,1,78,1,25,0.157009067,0.035430694,1992.520833,2444256.416,52,0,10000,0,10000,0,10000
130000,1,39,0,10000,10000,10000,1000000,1000000,10000,0,10000,0,10000,0,10000
130000,1,71,1,24,0.21943565,0.033044816,507.3333333,253087.7937,46,0,10000,0,10000,0,10000
130000,1,58,1,31,0.203676714,0.00858477,984.047619,899424.9025,25,0,10000,0,10000,0,10000
130000,1,57,1,22,0.146106623,0.009081672,892.0333333,478143.7656,34,0,10000,0,10000,0,10000
130000,1,89,1,25,0.116264051,0.005078813,811.3728814,492173.1491,63,0,10000,0,10000,0,10000
130000,1,100,1,22,0.076331432,0.000632915,2051.472222,5169114.416,76,0,10000,0,10000,0,10000
140000,1,479,1,22,0.121847215,0.009254056,7502.533186,270374069.3,456,0,10000,0,10000,0,10000
140000,1,222,1,22,0.108653222,0.003743233,3073.720207,19270647.69,197,0,10000,0,10000,0,10000
140000,1,58,1,22,0.159327881,0.017331309,529.2903226,140684.9802,35,0,10000,0,10000,0,10000
140000,1,207,1,26,0.107645094,0.004007781,2912.801136,29918119.44,180,0,10000,0,10000,0,10000
140000,1,113,1,22,0.132131743,0.012268587,1985.465116,4509573.109,90,0,10000,0,10000,0,10000
140000,1,717,1,23,0.129565478,0.008617222,1982.27907,6824167.515,692,0,10000,0,10000,0,10000
140000,1,64,1,27,0.135253152,0.003464535,1194.451613,1132133.796,35,0,10000,0,10000,0,10000
140000,1,164,1,22,0.12555622,0.016169878,2449.708029,10933875.43,141,0,10000,0,10000,0,10000
140000,1,56,1,24,0.140217931,0.009611865,2932.576923,4272223.783,30,0,10000,0,10000,0,10000
140000,1,94,1,28,0.113431541,0.00290603,1616.131148,4191981.688,65,0,10000,0,10000,0,10000
140000,1,52,1,27,0.367787211,0.042406938,190.4210526,57150.1385,23,0,10000,0,10000,0,10000
140000,1,199,1,26,0.095860314,0.004236833,2856.279762,11332764.59,172,0,10000,0,10000,0,10000
140000,1,64,1,26,0.174247516,0.007801918,2483.59375,5914323.304,36,0,10000,0,10000,0,10000
140000,1,108,1,25,0.115188141,0.01154186,1404.051282,2492643.638,82,0,10000,0,10000,0,10000
140000,1,400,1,22,0.127649665,0.008192779,3145.209115,63334193.08,377,0,10000,0,10000,0,10000
140000,1,143,1,26,0.101735086,0.004129678,1760.348214,1735651.941,116,0,10000,0,10000,0,10000
140000,1,199,1,23,0.157608231,0.01556292,3855.647059,64638539.78,174,0,10000,0,10000,0,10000
140000,1,153,1,23,0.109175578,0.002690801,2902.427419,31695562.54,128,0,10000,0,10000,0,10000
140000,1,308,1,25,0.120846772,0.007954182,6905.07554,228271378.9,282,0,10000,0,10000,0,10000
140000,1,38,1,28,0.42173425,0.003792867,25,48.5,8,0,10000,0,10000,0,10000
150000,1,486,1,22,0.136099069,0.012592858,1610.541485,4113401.331,462,0,10000,0,10000,0,10000
150000,1,67,1,23,0.134951908,0.005163732,512.8684211,75847.53532,42,0,10000,0,10000,0,10000
150000,1,102,1,24,0.133694546,0.016739949,3061.75,16318769.16,76,0,10000,0,10000,0,10000
150000,1,75,1,23,0.144158846,0.01028966,812.2391304,279640.8341,50,0,10000,0,10000,0,10000
150000,1,35,1,22,0.118085525,0.000782838,356.625,29316.73438,12,0,10000,0,10000,0,10000
150000,1,218,1,22,0.11593602,0.005186898,1507.492147,1685247.192,195,0,10000,0,10000,0,10000
150000,1,280,1,25,0.100147238,0.004417636,8799.592,366088945,254,0,10000,0,10000,0,10000
150000,1,41,1,26,0.539713667,0.151767265,141.5555556,19640.46914,13,0,10000,0,10000,0,10000
150000,1,104,1,23,0.153508799,0.009540487,1845.973333,4129024.159,79,0,10000,0,10000,0,10000
150000,1,254,1,22,0.127307576,0.007790665,2181.259912,6968327.206,231,0,10000,0,10000,0,10000
150000,1,96,1,26,0.1200952,0.008035931,1465.046154,1878751.644,69,0,10000,0,10000,0,10000
150000,0,10000,1,21,0.120447434,0.007544923,1539.868421,3096943.22,42,1,63,0,10000,0,10000
150000,1,248,1,25,0.117125111,0.006550031,1724.275229,3127583.328,222,0,10000,0,10000,0,10000
150000,1,43,1,26,0.096990875,0.000593145,512.0833333,61571.90972,16,0,10000,0,10000,0,10000
150000,1,132,1,22,0.140457248,0.013664875,4120.695238,59793632.42,109,0,10000,0,10000,0,10000
150000,1,108,1,26,0.091100831,0.001962524,1958.519481,6314952.25,81,0,10000,0,10000,0,10000
150000,1,65,1,22,0.173300995,0.010388216,1290.162162,1852900.028,41,0,10000,0,10000,0,10000
150000,1,166,1,22,0.129724799,0.014707956,2254.891304,5038666.691,142,0,10000,0,10000,0,10000
150000,0,10000,1,26,0.082964772,0.001786479,7598.632075,119839663,110,1,136,0,10000,0,10000
150000,1,87,1,25,0.097023913,0.001442934,2578.8,7377810.305,59,0,10000,0,10000,0,10000
160000,0,10000,1,23,0.131798975,0.007797816,1524.316726,4274406.907,285,1,308,0,10000,0,10000
160000,1,87,1,26,0.156265824,0.018772714,6559.963636,102826583.6,59,0,10000,0,10000,0,10000
160000,1,96,1,27,0.105176314,0.003155732,1888.25,5629581.531,68,0,10000,0,10000,0,10000
160000,1,176,1,22,0.154625767,0.010301718,1991.677852,9716493.695,153,0,10000,0,10000,0,10000
160000,1,226,1,22,0.132341797,0.006022668,2970.722222,45701985.82,202,0,10000,0,10000,0,10000
160000,1,145,1,22,0.131441559,0.013347552,10737.83761,504922976.8,121,0,10000,0,10000,0,10000
160000,1,78,1,23,0.175967012,0.006782995,533.877551,104187.5768,53,0,10000,0,10000,0,10000
160000,0,10000,1,24,0.096364786,0.004877937,9482.698225,216369417.9,173,1,197,0,10000,0,10000
160000,1,66,1,26,0.143386565,0.004142891,754.3823529,494842.8832,38,0,10000,0,10000,0,10000
160000,1,45,1,24,0.133829594,0.002089275,1183.75,943406.4375,20,0,10000,0,10000,0,10000
160000,1,184,1,22,0.160966345,0.011624463,1957.496815,11717498.35,161,0,10000,0,10000,0,10000
160000,1,135,1,22,0.167579881,0.009424407,1308.888889,1936230.099,112,0,10000,0,10000,0,10000
160000,1,62,1,26,0.098291181,0.002160391,10731.96774,69867927.64,35,0,10000,0,10000,0,10000
160000,1,86,1,29,0.122206154,0.003788935,1987.5,9112943.019,56,0,10000,0,10000,0,10000
160000,1,140,1,22,0.095009538,0.003641721,2055.732143,6117446.91,116,0,10000,0,10000,0,10000
160000,1,80,1,23,0.076846375,0.002087258,17572.11538,397918199.7,56,0,10000,0,10000,0,10000
160000,1,51,1,23,0.128163087,0.007077121,2622.26087,7319801.149,27,0,10000,0,10000,0,10000
160000,1,95,1,26,0.168701124,0.007325537,2891,15293134.19,67,0,10000,0,10000,0,10000
160000,1,135,1,24,0.12290347,0.007987594,16632.4717,902834103.3,110,0,10000,0,10000,0,10000
160000,1,258,1,23,0.098654714,0.004433591,2284.96087,6709536.707,234,0,10000,0,10000,0,10000
170000,1,93,1,23,0.092060527,0.004472282,22362.4375,890776702.2,68,0,10000,0,10000,0,10000
170000,1,36,0,10000,10000,10000,1000000,1000000,10000,0,10000,0,10000,0,10000
170000,1,256,1,23,0.147974513,0.016321951,1529.197368,3264816.123,232,0,10000,0,10000,0,10000
170000,1,190,1,22,0.082941321,0.002515158,11259.61875,355325698.9,164,0,10000,0,10000,0,10000
170000,1,73,1,22,0.42094022,0.042909532,137.0652174,31209.14792,50,0,10000,0,10000,0,10000
170000,1,89,1,26,0.09784266,0.002745327,1795.603448,2929383.619,62,0,10000,0,10000,0,10000
170000,1,211,1,25,0.109854264,0.004757561,12159.45304,360204104.1,185,0,10000,0,10000,0,10000
170000,1,56,1,22,0.089366761,0.002890443,3950.25,33582204.83,32,0,10000,0,10000,0,10000
170000,1,72,1,23,0.108994647,0.004534673,3353.093023,17654824.41,47,0,10000,0,10000,0,10000
170000,1,181,1,24,0.121317627,0.009724672,2276.401316,10061504.35,156,0,10000,0,10000,0,10000
170000,1,125,1,23,0.094519885,0.002954454,6724.969072,117249874.5,101,0,10000,0,10000,0,10000
170000,1,86,1,24,0.128451772,0.002051867,1223.859649,1673096.401,61,0,10000,0,10000,0,10000
170000,1,206,1,31,0.126002209,0.008868837,1957.4,4690520.228,174,0,10000,0,10000,0,10000
170000,1,100,1,26,0.131133499,0.006748418,10365.15942,254687607.1,73,0,10000,0,10000,0,10000
170000,1,286,1,22,0.103103415,0.003536488,2724.756757,11615065.52,263,0,10000,0,10000,0,10000
170000,1,182,1,23,0.10193456,0.003613037,2846.571429,22061896.86,158,0,10000,0,10000,0,10000
170000,1,115,1,23,0.132074009,0.008150931,2645.678161,17301673,91,0,10000,0,10000,0,10000
170000,1,179,1,23,0.105830789,0.004662407,1479.02649,2676885.734,155,0,10000,0,10000,0,10000
170000,1,127,1,22,0.135444253,0.007503099,1444.69697,2561432.413,103,0,10000,0,10000,0,10000
170000,1,143,1,24,0.096645301,0.002610789,5424.566372,48616969.13,117,0,10000,0,10000,0,10000
180000,1,128,1,23,0.142688843,0.01066544,1765.474747,7132398.31,103,0,10000,0,10000,0,10000
180000,1,102,1,24,0.089383261,0.001966725,2035.180556,1347489.787,76,0,10000,0,10000,0,10000
180000,1,141,1,23,0.187963779,0.020452386,964.5309735,1066274.497,117,0,10000,0,10000,0,10000
180000,0,10000,1,27,0.199512625,0.008171209,131.625,9339.734375,12,1,39,0,10000,0,10000
180000,1,169,1,28,0.103833228,0.002237762,2056.681481,3012022.128,139,0,10000,0,10000,0,10000
180000,1,95,1,26,0.098579995,0.001693147,2271.460317,6047676.883,67,0,10000,0,10000,0,10000
180000,1,56,1,22,0.158206575,0.00924605,1260.678571,1011295.932,32,0,10000,0,10000,0,10000
180000,1,209,1,28,0.120406328,0.004122082,1481.176136,4600172.634,180,0,10000,0,10000,0,10000
180000,1,36,0,10000,10000,10000,1000000,1000000,10000,0,10000,0,10000,0,10000
180000,1,136,1,25,0.092426783,0.002030727,2084.320755,5320521.01,110,0,10000,0,10000,0,10000
180000,1,79,1,26,0.226031487,0.034919698,586.9787234,268935.2549,51,0,10000,0,10000,0,10000
180000,1,58,1,23,0.123467669,0.002907914,4133.068966,19209234.13,33,0,10000,0,10000,0,10000
180000,1,133,1,22,0.079101729,0.001240002,5835.811321,100615150.2,110,0,10000,0,10000,0,10000
180000,1,151,1,28,0.148503143,0.01360802,10228.28205,396489916.8,121,0,10000,0,10000,0,10000
180000,1,58,1,22,0.078049552,0.000889476,1211.032258,2243959.257,35,0,10000,0,10000,0,10000
180000,1,426,1,26,0.12610057,0.007055499,1539.356962,2306944.579,399,0,10000,0,10000,0,10000
180000,0,10000,1,21,0.112208819,0.006700745,2094.119363,6461727.787,381,1,402,0,10000,0,10000
180000,1,135,1,25,0.091826257,0.003864271,1795.07619,3511543.251,109,0,10000,0,10000,0,10000
180000,1,84,1,27,0.238597696,0.021149933,405.4230769,66880.1287,56,0,10000,0,10000,0,10000
180000,1,246,1,22,0.10836736,0.002618131,3929.357798,70953539.43,222,0,10000,0,10000,0,10000
190000,1,97,1,23,0.157986669,0.021582278,6102.691176,94375346.63,72,0,10000,0,10000,0,10000
190000,1,121,1,27,0.099537292,0.004729118,2535.168539,7428820.522,93,0,10000,0,10000,0,10000
190000,1,93,1,23,0.127686746,0.003201934,1419.369231,1371078.018,69,0,10000,0,10000,0,10000
190000,1,139,1,21,0.113532206,0.004474881,2159.929204,7265395.853,117,0,10000,0,10000,0,10000
190000,1,135,1,23,0.206491445,0.019825311,1253.738318,5948156.305,111,0,10000,0,10000,0,10000
190000,1,37,0,10000,10000,10000,1000000,1000000,10000,0,10000,0,10000,0,10000
190000,1,145,1,25,0.12569201,0.003775699,2995.356522,17409825.26,119,0,10000,0,10000,0,10000
190000,1,443,1,22,0.120956117,0.006902946,2916.137349,33977264.62,419,0,10000,0,10000,0,10000
190000,1,186,1,23,0.196659747,0.023238809,566.9240506,397494.7917,162,0,10000,0,10000,0,10000
190000,1,105,1,23,0.141054334,0.009577961,3349.818182,23432108.51,81,0,10000,0,10000,0,10000
190000,1,208,1,25,0.116653698,0.008948111,3514.106742,46889269.15,182,0,10000,0,10000,0,10000
190000,1,79,1,22,0.117426967,0.003072848,3447.333333,22663843.67,55,0,10000,0,10000,0,10000
190000,1,95,1,27,0.144619433,0.005336341,552.6190476,171047.1882,67,0,10000,0,10000,0,10000
190000,1,40,1,24,0.2890681,0.013358494,431.2,86966.56,14,0,10000,0,10000,0,10000
190000,1,271,1,22,0.144026073,0.009709514,4917.069672,73536024.55,248,0,10000,0,10000,0,10000
190000,1,292,1,23,0.113161757,0.003111476,1724.148289,2390721.784,267,0,10000,0,10000,0,10000
190000,1,70,1,22,0.124693507,0.004323963,1417.27907,1299456.062,47,0,10000,0,10000,0,10000
190000,1,100,1,22,0.096459996,0.001927978,1587.356164,1328939.051,77,0,10000,0,10000,0,10000
190000,1,257,1,23,0.121787127,0.003985133,2126.47807,17812316.92,232,0,10000,0,10000,0,10000
190000,1,96,1,23,0.125468596,0.004840536,1722.776119,5336970.95,71,0,10000,0,10000,0,10000
200000,1,63,1,22,0.088594971,0.002212823,1506.828571,3813013.571,39,0,10000,0,10000,0,10000
200000,1,310,1,27,0.122123178,0.005604174,3427.640288,98937875.96,282,0,10000,0,10000,0,10000
200000,1,154,1,27,0.140947188,0.011526405,3443.081967,45173669.62,126,0,10000,0,10000,0,10000
200000,1,66,1,24,0.136303832,0.003411494,472.1351351,108631.8466,41,0,10000,0,10000,0,10000
200000,1,159,1,22,0.094814899,0.005908507,25076.23485,2046072769,136,0,10000,0,10000,0,10000
200000,1,68,1,28,0.205732266,0.013202589,1777,3998794.629,39,0,10000,0,10000,0,10000
200000,1,75,1,25,0.227421282,0.013060925,618.9111111,741211.0588,49,0,10000,0,10000,0,10000
200000,1,267,1,22,0.104726086,0.002485272,7153.829167,167511915.5,244,0,10000,0,10000,0,10000
200000,1,85,1,23,0.206323635,0.023008756,983.7719298,1083257.58,61,0,10000,0,10000,0,10000
200000,1,189,1,27,0.127544918,0.022726395,4626.858974,48136418.8,160,0,10000,0,10000,0,10000
200000,1,141,1,25,0.141097792,0.010188462,1493.378378,4907740.83,115,0,10000,0,10000,0,10000
200000,1,80,1,25,0.07185831,0.001859011,3279.163265,17855441.69,53,0,10000,0,10000,0,10000
200000,1,88,1,26,0.175217874,0.015057034,1283.403509,2890371.293,61,0,10000,0,10000,0,10000
200000,1,382,1,27,0.118286131,0.005294885,6903.206304,251424301.8,353,0,10000,0,10000,0,10000
200000,1,146,1,23,0.102460732,0.003132243,11007.30508,416873974.6,122,0,10000,0,10000,0,10000
200000,1,98,1,27,0.163193698,0.011830984,943.7121212,811344.2959,70,0,10000,0,10000,0,10000
200000,1,328,1,21,0.113880282,0.003956472,4031.36755,37287679.62,306,0,10000,0,10000,0,10000
200000,1,108,1,24,0.115750282,0.004047587,881.1265823,268431.908,83,0,10000,0,10000,0,10000
200000,1,88,1,25,0.103956497,0.006212643,24351.7931,988135031.8,62,0,10000,0,10000,0,10000
200000,1,46,1,23,0.115240083,0.004376798,596.9444444,96346.05247,22,0,10000,0,10000,0,10000